first_name,last_name,email,gender,ip_address
Archer,Nowick,anowick0@msu.edu,Male,96.62.232.54
Ring,Sambedge,rsambedge1@google.ru,Genderfluid,131.26.238.196
Aindrea,Belhomme,abelhomme2@hao123.com,Genderqueer,87.180.180.39
Lilith,Ayres,layres3@google.it,Female,38.10.131.255
Emlen,Banishevitz,ebanishevitz4@creativecommons.org,Male,113.166.201.156
Kimberli,Newbatt,knewbatt5@csmonitor.com,Female,54.22.147.4
Stace,Follen,sfollen6@ebay.com,Female,235.221.68.197
Thomasa,Coarser,tcoarser7@shinystat.com,Female,53.40.142.3
Davon,Acedo,dacedo8@si.edu,Male,127.153.187.188
Rosanna,Yapp,ryapp9@accuweather.com,Female,229.231.121.185
Travus,Beachamp,tbeachampa@jalbum.net,Male,32.230.60.12
Harmonie,Mooreed,hmooreedb@yahoo.co.jp,Female,17.45.74.89
Karon,Castagna,kcastagnac@wikispaces.com,Female,8.7.156.213
Sydelle,Rawles,srawlesd@xinhuanet.com,Female,12.106.220.16
Brade,Robion,brobione@github.io,Male,122.58.157.112
Fair,Rattenberie,frattenberief@bing.com,Male,94.202.170.37
Cleve,Gallardo,cgallardog@imageshack.us,Male,181.60.79.151
Vite,Barrim,vbarrimh@loc.gov,Male,13.32.114.87
Brannon,Greber,bgreberi@wunderground.com,Male,154.131.168.47
Curt,Dorman,cdormanj@usa.gov,Male,138.10.3.41
Zacharie,Schiefersten,zschieferstenk@ucla.edu,Male,208.249.200.182
Cosmo,Bladesmith,cbladesmithl@chronoengine.com,Male,147.181.216.2
Brittan,Cannaway,bcannawaym@statcounter.com,Female,187.42.158.179
Kerri,Luckin,kluckinn@prnewswire.com,Female,60.189.180.212
Alexei,Tamsett,atamsetto@github.com,Male,141.252.191.128
Mala,Gorghetto,mgorghettop@amazon.de,Female,223.168.197.34
Stearne,Duferie,sduferieq@chronoengine.com,Genderqueer,161.55.7.140
Allianora,Lewnden,alewndenr@japanpost.jp,Female,126.71.174.159
Decca,Binnion,dbinnions@1688.com,Male,145.45.146.176
Katine,Winspare,kwinsparet@friendfeed.com,Female,90.249.157.249
Brendin,Shaplin,bshaplinu@forbes.com,Male,140.214.10.135
Dannye,Phelit,dphelitv@opensource.org,Female,109.54.136.117
Rhea,Pevreal,rpevrealw@e-recht24.de,Female,185.182.187.160
Granville,Brunelleschi,gbrunelleschix@vimeo.com,Male,166.83.109.113
Elizabeth,Upshall,eupshally@123-reg.co.uk,Female,215.4.188.83
Rheba,Szwarc,rszwarcz@angelfire.com,Polygender,38.217.218.73
Darcey,Duckit,dduckit10@topsy.com,Female,207.156.6.68
Waylon,Vasovic,wvasovic11@netlog.com,Male,242.198.79.217
Kathye,Skip,kskip12@aol.com,Female,185.165.135.218
Ganny,Moline,gmoline13@themeforest.net,Male,225.152.220.21
